Name,Japanese,Types,Difficulty (0-24)
,,# Totals,
6 Shrines,祠 6基攻略,Shrine,2
8 Shrines,祠 8基攻略,Shrine,8
10 Shrines,祠 10基攻略,Shrine,14
,,,
,,,
,,,
,,# Region,
,,,
,,,
,,,
,,,
,,,
,,,
,,# in x regions,
1 Shrine in 3 Regions,1 Shrine in 3 Regions,Shrine,3
1 Shrine in 4 Regions,1 Shrine in 4 Regions,Shrine,8
1 Shrine in 5 Regions,1 Shrine in 5 Regions,Shrine,11
1 Shrine in 6 Regions,1 Shrine in 6 Regions,Shrine,14
1 Shrine in 7 Regions,1 Shrine in 7 Regions,Shrine,17
,,,
,,,
,,# types,
,,,
,,# shrine quests,
,,,
,,# dog rewards,
2 Dog Rewards,2 Dog Rewards,Dogreward,2
3 Dog Rewards,3 Dog Rewards,Dogreward,4
4 Dog Rewards,4 Dog Rewards,Dogreward,7
5 Dog Rewards,5 Dog Rewards,Dogreward,10
6 Dog Rewards,6 Dog Rewards,Dogreward,13
,,,
,,,
,,,
,,,
,,,
,,,
,,,
,,,
,,,
,,,
,,,
,,,
,,,
,,,
,,,
,,,
,,,
,,,
,,,
,,,
,,,
,,,
,,# Korok total,
5 Koroks,コログのミ 5個,"Plateau Korok,Central Hyrule Korok,Hateno Korok,Faron Korok,Ridgeland Korok,Lake Korok,Wasteland Korok,Woodland Korok,Lanayru Korok,Eldin Korok,Akkala Korok,Tabantha Korok,Gerudo Korok,Hebra Korok,Dueling Peaks Korok",0
10 Koroks,コログのミ 10個,"Plateau Korok,Central Hyrule Korok,Hateno Korok,Faron Korok,Ridgeland Korok,Lake Korok,Wasteland Korok,Woodland Korok,Lanayru Korok,Eldin Korok,Akkala Korok,Tabantha Korok,Gerudo Korok,Hebra Korok,Dueling Peaks Korok",2
15 Koroks,コログのミ 15個,"Plateau Korok,Central Hyrule Korok,Hateno Korok,Faron Korok,Ridgeland Korok,Lake Korok,Wasteland Korok,Woodland Korok,Lanayru Korok,Eldin Korok,Akkala Korok,Tabantha Korok,Gerudo Korok,Hebra Korok,Dueling Peaks Korok",4
20 Koroks,コログのミ 20個,"Plateau Korok,Central Hyrule Korok,Hateno Korok,Faron Korok,Ridgeland Korok,Lake Korok,Wasteland Korok,Woodland Korok,Lanayru Korok,Eldin Korok,Akkala Korok,Tabantha Korok,Gerudo Korok,Hebra Korok,Dueling Peaks Korok",6
25 Koroks,コログのミ 25個,"Plateau Korok,Central Hyrule Korok,Hateno Korok,Faron Korok,Ridgeland Korok,Lake Korok,Wasteland Korok,Woodland Korok,Lanayru Korok,Eldin Korok,Akkala Korok,Tabantha Korok,Gerudo Korok,Hebra Korok,Dueling Peaks Korok",8
30 Koroks,コログのミ 30個,"Plateau Korok,Central Hyrule Korok,Hateno Korok,Faron Korok,Ridgeland Korok,Lake Korok,Wasteland Korok,Woodland Korok,Lanayru Korok,Eldin Korok,Akkala Korok,Tabantha Korok,Gerudo Korok,Hebra Korok,Dueling Peaks Korok",11
35 Koroks,コログのミ 35個,"Plateau Korok,Central Hyrule Korok,Hateno Korok,Faron Korok,Ridgeland Korok,Lake Korok,Wasteland Korok,Woodland Korok,Lanayru Korok,Eldin Korok,Akkala Korok,Tabantha Korok,Gerudo Korok,Hebra Korok,Dueling Peaks Korok",15
40 Koroks,コログのミ 40個,"Plateau Korok,Central Hyrule Korok,Hateno Korok,Faron Korok,Ridgeland Korok,Lake Korok,Wasteland Korok,Woodland Korok,Lanayru Korok,Eldin Korok,Akkala Korok,Tabantha Korok,Gerudo Korok,Hebra Korok,Dueling Peaks Korok",18
45 Koroks,コログのミ 45個,"Plateau Korok,Central Hyrule Korok,Hateno Korok,Faron Korok,Ridgeland Korok,Lake Korok,Wasteland Korok,Woodland Korok,Lanayru Korok,Eldin Korok,Akkala Korok,Tabantha Korok,Gerudo Korok,Hebra Korok,Dueling Peaks Korok",21
50 Koroks,コログのミ 50個,"Plateau Korok,Central Hyrule Korok,Hateno Korok,Faron Korok,Ridgeland Korok,Lake Korok,Wasteland Korok,Woodland Korok,Lanayru Korok,Eldin Korok,Akkala Korok,Tabantha Korok,Gerudo Korok,Hebra Korok,Dueling Peaks Korok",24
,,,
,,# oldstuff,
Hylian Hood,ハイリアのフード,"Clothes,Hylian Gear,Rupee",0
Hylian Tunic,ハイリアの服,"Clothes,Hylian Gear,Rupee,Rupee",0
Warm Doublet,防寒着,"Clothes,Cold Resistance,Hateno",0
3 Great Plateau Koroks,始まりの塔エリア コログのミ 3個,"Plateau Korok,Plateau",0
Hylian Trousers,ハイリアのズボン,"Clothes,Hylian Gear,Rupee",0
Any 'Boko' Equipment item,“ボコ”系武器入手,Equipment,0
3 Dueling Peaks Koroks,双子山の塔エリア コログのミ 3個,"Dueling Peaks Korok,Dueling Peaks",0
3 Central Tower Koroks,平原の塔エリア コログのミ 3個,"Central Hyrule Korok,Central Hyrule",0
,,,
3 Hateno Koroks,ハテノ塔エリア コログのミ 3個,"Hateno Korok,Hateno",1
3 Faron Koroks,フィローネの塔エリア コログのミ 3個,"Faron Korok,Faron",1
3 Ridgeland Koroks,丘陵の塔エリア コログのミ 3個,"Ridgeland Korok,Ridgeland",1
Any 'Rusty' Equipment item,“錆びた”武器入手,Equipment,1
Any Energizing meal,がんばり系料理,"Cooking,Stamina",1
Give Beedle a Beetle,テリーにカブトムシをあげる,Horse,1
Register a Horse,馬を登録する,Horse,1
Anger a Cucco,コッコを怒らせる,Cucco,1
Activate Dueling Peaks Tower,双子山の塔を起動,"Tower,Dueling Peaks",1
Soup Ladle,木のオタマ,Equipment,1
1 Koko Cooking Side Quest,ミニチャレンジ:ココナ's キッチン,"Side Quest,Dueling Peaks",1
Any Hasty meal,ゴーゴー系料理,Cooking,1
Any Spicy meal,ピリ辛系料理,"Cooking,Cold Resistance",1
5 Great Plateau Koroks,始まりの塔エリア コログのミ 5個,"Plateau Korok,Plateau",2
6 Dueling Peaks Koroks,双子山の塔エリア コログのミ 6個,"Dueling Peaks Korok,Dueling Peaks",2
3 Lake Tower Koroks,湖の塔エリア コログのミ 3個,"Lake Korok,Lake",2
3 Wasteland Koroks,荒野の塔エリア コログのミ 3個,"Wasteland Korok,Wasteland",2
3 Woodland Koroks,森林の塔エリア コログのミ 3個,"Woodland Korok,Woodland",2
3 Lanayru Koroks,ラネールの塔エリア コログのミ 3個,"Lanayru Korok,Lanayru",2
'The Priceless Maracas' Side Quest,ミニチャレンジ:大事なマラカス,"Side Quest,Dueling Peaks",2
'Playtime with Cottla' Side Quest,ミニチャレンジ:プリコと遊ぼ！,"Side Quest,Dueling Peaks",2
'Wild Horses' Side Quest,ミニチャレンジ:野生馬を捕まえて,"Side Quest,Dueling Peaks,Horse",2
'The Statue's Bargain' Side Quest,ミニチャレンジ:器の操者,"Side Quest,Hateno",2
'Watch Out for the Flowers' Shrine Quest,ほこらチャレンジ:花を踏まないで,"Shrine,Shrine Quest,Dueling Peaks",2
Any Enduring meal,スタミナ系料理,"Cooking,Stamina",2
Any Mighty meal,チカラ系料理,Cooking,2
Any Sneaky meal,しのび系料理,Cooking,2
Dubious Food,微妙な料理,Cooking,2
Open 2 Bokoblin Camp Chests,ボコ拠点の宝箱を2個開く,Plateau,2
Save a Traveler in Peril,マモノに襲われている旅人を助ける,Monster,2
Activate Lake Tower,湖の塔を起動,"Tower,Lake",2
3 Tabantha Koroks,タバンタの塔エリア コログのミ 3個,"Tabantha Korok,Tabantha",2
Any Stalfos 'Arm' Equipment item,“○○の骨”入手,Equipment,2
3 Side Quests,ミニチャレンジ 3個攻略,Side Quest,2
,,,
3 Eldin Koroks,オルディンの塔エリア コログのミ 3個,"Eldin Korok,Eldin",3
3 Akkala Koroks,アッカレの塔エリア コログのミ 3個,"Akkala Korok,Akkala",3
Pay 1 Great Fairy,大妖精1人解放,"Rupee,Great Fairy",3
Full Hylian Set,ハイリア防具一式,"Clothes,Hylian Gear,Rupee",3
Soldier's Helm,ハイリア兵の兜,"Clothes,Soldier Gear,Rupee,Hateno",3
Soldier's Armor,ハイリア兵の鎧,"Clothes,Soldier Gear,Rupee,Hateno",3
Soldier's Greaves,ハイリア兵のすねあて,"Clothes,Soldier Gear,Rupee,Hateno",3
Stealth Mask,忍びマスク,"Clothes,Stealth Gear,Rupee,Dueling Peaks",3
Stealth Tights,忍びタイツ,"Clothes,Stealth Gear,Rupee,Dueling Peaks",3
Climber's Bandanna,クライムバンダナ,"Clothes,Climbing Gear,Dueling Peaks",3
'Flown the Coop' Side Quest,ミニチャレンジ:消えたコッコちゃん,"Side Quest,Dueling Peaks,Heirloom",3
2 Koko Cooking Side Quests,ミニチャレンジ:ココナ's キッチン２,"Side Quest,Dueling Peaks",3
'Arrows of Burning Heat' Side Quest,ミニチャレンジ:燃える矢じりで貫いて！,"Side Quest,Dueling Peaks",3
'The Apple of My Eye' Side Quest,ミニチャレンジ:新妻は花よりダンゴ,"Side Quest,Tabantha",3
A Minor Test of Strength Shrine,力の試練 序位 ,"Shrine,Guardian",3
Farming Hoe,畑のクワ,Equipment,3
Any Hearty meal,マックス系料理,Cooking,3
Any Tough meal,カチコチ系料理,Cooking,3
Hearty Elixir,マックス薬,Cooking,3
Energizing Elixir,がんばり薬,Cooking,3
Chilly Elixir,ヒンヤリ薬,Cooking,3
Hasty Elixir,ゴーゴー薬,Cooking,3
Enduring Elixir,スタミナ薬,Cooking,3
Mighty Elixir,チカラ薬,Cooking,3
Tough Elixir,カチコチ薬,Cooking,3
Sneaky Elixir,しのび薬,Cooking,3
Rock-Hard Food,硬すぎ料理,Cooking,3
Kill a Wizzrobe of any kind,ウィズローブ討伐,Wizzrobe,3
Kill a Stone Talus of any kind,イワロック討伐 (どの種でも可),"Rupee,Gems,Miniboss,Talus",3
Kill a (normal) Stone Talus,イワロック(ノーマル)討伐,"Rupee,Gems,Miniboss,Talus",3
Kill a Decayed Guardian,朽ちたガーディアン討伐,"Miniboss,Guardian",3
Mount a Deer,鹿に乗る,Horse,3
Obtain a Purple Rupee,紫ルピー入手,Rupee,3
Read Paya's Diary,パーヤの日記を読む,Dueling Peaks,3
Read Purah's Diary,プルアの日記を読む,Hateno,3
Activate Hateno Tower,ハテノ塔を起動,"Tower,Hateno",3
Activate Faron Tower,フィローネの塔を起動,"Tower,Faron",3
Activate Wasteland Tower,荒野の塔を起動,"Tower,Wasteland",3
Activate Ridgeland Tower,丘陵の塔を起動,"Tower,Ridgeland",3
4 Side Quests,ミニチャレンジ 4個攻略,Side Quest,3
Any Rod weapon,ロッド系武器入手,"Equipment,Wizzrobe",3
6 Hateno Koroks,ハテノ塔エリア コログのミ 6個,"Hateno Korok,Hateno",4
6 Faron Koroks,フィローネの塔エリア コログのミ 6個,"Faron Korok,Faron",4
6 Lake Tower Koroks,湖の塔エリア コログのミ 6個,"Lake Korok,Lake",4
6 Wasteland Koroks,荒野の塔エリア コログのミ 6個,"Wasteland Korok,Wasteland",4
3 Gerudo Koroks,ゲルドの塔エリア コログのミ 3個,"Gerudo Korok,Gerudo",4
6 Ridgeland Koroks,丘陵の塔エリア コログのミ 6個,"Ridgeland Korok,Ridgeland",4
3 Hebra Koroks,ヘブラの塔エリア コログのミ 3個,"Hebra Korok,Hebra,Cold Resistance",4
6 Woodland Koroks,森林の塔エリア コログのミ 6個,"Woodland Korok,Woodland",4
6 Lanayru Koroks,ラネールの塔エリア コログのミ 6個,"Lanayru Korok,Lanayru",4
6 Central Tower Koroks,平原の塔エリア コログのミ 6個,"Central Hyrule Korok,Central Hyrule",4
Rubber Helm,ラバーキャップ,"Clothes,Rubber Gear,Faron",4
Rubber Armor,ラバースーツ,"Clothes,Rubber Gear,Ridgeland",4
Rubber Tights,ラバータイツ,"Clothes,Rubber Gear,Faron",4
Stealth Chest Guard,忍びスーツ,"Clothes,Stealth Gear,Rupee,Dueling Peaks",4
"'Misko, the Great Bandit' Side Quest",ミニチャレンジ:大盗賊ラムダの秘宝,"Side Quest,Dueling Peaks",4
'Sunken Treasure' Side Quest,ミニチャレンジ:海に沈んだ財宝,"Side Quest,Hateno",4
'The Hero's Cache' Side Quest,ミニチャレンジ:勇者の蓄え？,"Side Quest,Hateno",4
'Thunder Magnet' Side Quest,ミニチャレンジ:雷怖い,"Side Quest,Faron,Rubber Gear",4
'A Good-Sized Horse' Side Quest,ミニチャレンジ:その馬買い取ります！,"Side Quest,Wasteland,Horse",4
'The Spark of Romance' Side Quest,ミニチャレンジ:新郎の汚名返上,"Side Quest,Tabantha",4
'A Gift for the Great Fairy' Side Quest,ミニチャレンジ:大妖精さまのおふせ,"Side Quest,Tabantha,Rupee,Great Fairy",4
'Balloon Flight' Side Quest,ミニチャレンジ:風船よ舞い上がれ！,"Side Quest,Woodland",4
'Riverbed Reward' Side Quest,ミニチャレンジ:水底に沈むお宝,"Side Quest,Central Hyrule",4
'The Two Rings' Shrine Quest,ほこらチャレンジ:二つの輪,"Shrine,Shrine Quest,Ridgeland",4
Any Boomerang,ブーメラン系武器入手,Equipment,4
Any 'Lizal' Equipment item,“リザル”系武器入手,Equipment,4
Boat Oar,船のオール,Equipment,4
Any 'Moblin' Equipment item,“モリブリン”系武器入手,Equipment,4
Wooden Mop,木のモップ,Equipment,4
Any Chilly meal,ヒンヤリ系料理,"Cooking,Wasteland",4
Any Electro meal,エレキ系料理,Cooking,4
Spicy Elixir,ピリ辛薬,Cooking,4
Electro Elixir,エレキ薬,Cooking,4
Kill a fire-typed Wizzrobe,炎属性ウィズローブ討伐,Wizzrobe,4
Kill an electric-typed Wizzrobe,雷属性ウィズローブ討伐,Wizzrobe,4
Kill a Hinox of any kind,ヒノックス討伐 (どの種でも可),"Miniboss,Hinox",4
Kill a (red) Hinox,ヒノックス(赤)討伐,"Miniboss,Hinox",4
500m in the Gliding Minigame,ミニゲーム:鳥人間チャレンジ 500m以上滑空,"Minigame,Ridgeland",4
Activate Lanayru Tower,ラネールの塔を起動,"Tower,Lanayru",4
Activate Central Tower,平原の塔を起動,"Tower,Central Hyrule",4
6 Tabantha Koroks,タバンタの塔エリア コログのミ 6個,"Tabantha Korok,Tabantha",5
6 Akkala Koroks,アッカレの塔エリア コログのミ 6個,"Akkala Korok,Akkala",5
Gerudo Set,淑女防具一式,"Clothes,Wasteland,Rupee",5
Red Dyed Hylian Hood,ハイリアのフード(赤色),"Clothes,Hylian Gear,Hateno",5
Yellow Dyed Hylian Hood,ハイリアのフード(黄色),"Clothes,Hylian Gear,Hateno",5
Purple Dyed Hylian Hood,ハイリアのフード(紫色),"Clothes,Hylian Gear,Hateno",5
Green Dyed Hylian Hood,ハイリアのフード(緑色),"Clothes,Hylian Gear,Hateno",5
Light Yellow Dyed Hylian Hood,ハイリアのフード(薄黄色),"Clothes,Hylian Gear,Hateno",5
Gray Dyed Hylian Hood,ハイリアのフード(灰色),"Clothes,Hylian Gear,Hateno",5
3 Koko Cooking Side Quests,ミニチャレンジ:ココナ's キッチン３,"Side Quest,Dueling Peaks",5
'A Gift of Nightshade' Side Quest,ミニチャレンジ:しのび草の君,"Side Quest,Faron",5
'The Horseback Hoodlums' Side Quest,ミニチャレンジ:馬に乗った荒くれ者,"Side Quest,Lake",5
'The Royal White Stallion' Side Quest,ミニチャレンジ:王家の白馬,"Side Quest,Central Hyrule,Horse,Stamina",5
'The Cursed Statue' Shrine Quest,ほこらチャレンジ:呪われし石像,"Shrine,Shrine Quest,Hateno",5
Fishing Harpoon,漁師のモリ,Equipment,5
3 Identical Weapons,同じ武器を3つ入手,Equipment,5
Fireproof Elixir,燃えず薬,Cooking,5
Hard-Boiled Egg,ゆでタマゴ,Cooking,5
Kill an ice-typed Wizzrobe,氷属性ウィズローブ討伐,Wizzrobe,5
Obtain a Silver Rupee,銀ルピー入手,Rupee,5
Activate Tabantha Tower,タバンタの塔を起動,"Tower,Tabantha",5
Activate Woodland Tower,森林の塔を起動,"Tower,Woodland",5
,,,
Snowquill Tunic,リトの羽毛服,"Clothes,Snow Gear,Cold Resistance,Rupee,Tabantha",6
Snowquill Trousers,リトの羽毛ズボン,"Clothes,Snow Gear,Cold Resistance,Rupee,Tabantha",6
Zora Helm,ゾーラの兜,"Clothes,Zora Gear,Lanayru",6
Zora Armor,ゾーラの鎧,"Clothes,Zora Gear,Lanayru",6
Blue Dyed Hylian Hood,ハイリアのフード(青色),"Clothes,Hylian Gear,Hateno",6
White Dyed Hylian Hood,ハイリアのフード(白色),"Clothes,Hylian Gear,Hateno",6
Light Blue Dyed Hylian Hood,ハイリアのフード(薄青色),"Clothes,Hylian Gear,Hateno",6
Orange Dyed Hylian Hood,ハイリアのフード(橙色),"Clothes,Hylian Gear,Hateno",6
Crimson Dyed Hylian Hood,ハイリアのフード(深紅色),"Clothes,Hylian Gear,Hateno",6
Brown Dyed Hylian Hood,ハイリアのフード(茶色),"Clothes,Hylian Gear,Hateno",6
4 Koko Cooking Side Quests,ミニチャレンジ:ココナ's キッチン４,"Side Quest,Dueling Peaks",6
'The Sheep Rustlers' Side Quest,ミニチャレンジ:にっくきヒツジ泥棒,"Side Quest,Hateno",6
'An Ice Guy' Side Quest,ミニチャレンジ:暑さをしのぐ薬,"Side Quest,Wasteland",6
'Diving is Beauty!' Side Quest,ミニチャレンジ:飛び込みに目覚めた男,"Side Quest,Lanayru",6
3 Dueling Peaks Shrines,双子山の塔エリア 祠3基,"Shrine,Dueling Peaks",6
'Crowned Beast' Shrine Quest,ほこらチャレンジ:二本槍の獣,"Shrine,Shrine Quest,Hateno,Horse",6
'A Landscape of a Stable' Shrine Quest,ほこらチャレンジ:馬宿の風景画,"Shrine,Shrine Quest,Eldin",6
Any 'Zora' Equipment item,“ゾーラの”武器入手,Equipment,6
Any Ice-typed Equipment item,氷属性武器,Equipment,6
Any Fairy Tonic,妖精の力水,Cooking,6
Glazed Meat,甘露煮肉,Cooking,6
Salt-Grilled Crab,岩塩焼きガニ,Cooking,6
2 Stamina Vessels,がんばりの器 2つ入手,"Shrine,Stamina",6
Read Robbie's Diary,ロベリーの日記を読む,Akkala,6
Activate Gerudo Tower,ゲルドの塔を起動,"Tower,Gerudo",6
Activate Eldin Tower,オルディンの塔を起動,"Tower,Eldin",6
7 Great Plateau Koroks,始まりの塔エリア コログのミ 7個,"Plateau Korok,Plateau",7
9 Dueling Peaks Koroks,双子山の塔エリア コログのミ 9個,"Dueling Peaks Korok,Dueling Peaks",7
9 Hateno Koroks,ハテノ塔エリア コログのミ 9個,"Hateno Korok,Hateno",7
9 Lake Tower Koroks,湖の塔エリア コログのミ 9個,"Lake Korok,Lake",7
6 Gerudo Koroks,ゲルドの塔エリア コログのミ 6個,"Gerudo Korok,Gerudo",7
6 Hebra Koroks,ヘブラの塔エリア コログのミ 6個,"Hebra Korok,Hebra,Cold Resistance",7
6 Eldin Koroks,オルディンの塔エリア コログのミ 6個,"Eldin Korok,Eldin",7
9 Central Tower Koroks,平原の塔エリア コログのミ 9個,"Central Hyrule Korok,Central Hyrule",7
Hylian Hood ★,ハイリアのフード★,"Clothes,Hylian Gear,Rupee,Great Fairy,Bokoblin",7
Hylian Tunic ★,ハイリアの服★,"Clothes,Hylian Gear,Rupee,Great Fairy,Bokoblin",7
Hylian Trousers ★,ハイリアのズボン★,"Clothes,Hylian Gear,Rupee,Great Fairy,Bokoblin",7
Full Soldier's Set,ハイリア兵防具一式,"Clothes,Soldier Gear,Rupee,Hateno",7
Snowquill Headdress,雪よけの羽飾り,"Clothes,Snow Gear,Cold Resistance,Rupee,Tabantha",7
Flamebreaker Armor,耐火の石鎧,"Clothes,Flame Gear,Eldin,Rupee",7
Flamebreaker Boots,耐火の石靴,"Clothes,Flame Gear,Eldin,Rupee",7
Black Dyed Hylian Hood,ハイリアのフード(黒色),"Clothes,Hylian Gear,Hateno",7
Navy Dyed Hylian Hood,ハイリアのフード(紺色),"Clothes,Hylian Gear,Hateno",7
Peach Dyed Hylian Hood,ハイリアのフード(桃色),"Clothes,Hylian Gear,Hateno",7
'A Freezing Rod' Side Quest,ミニチャレンジ:こおりの杖しれん,"Side Quest,Woodland,Wizzrobe",7
3 Lake Shrines,湖の塔エリア 祠3基,"Shrine,Lake",7
3 Central Tower Shrines,平原の塔エリア 祠3基,"Shrine,Central Hyrule",7
'Master of the Wind' Shrine Quest,ほこらチャレンジ:風を束ねて制する者よ,"Shrine,Shrine Quest,Lanayru",7
Any 'Forest Dweller's' Equipment item,“森人の”武器入手,Equipment,7
Any Fire-typed Equipment item,炎属性武器,Equipment,7
Any Electric-typed Equipment item,雷属性武器,Equipment,7
Any Guardian Spear,ガーディアンランス (+付きも可),"Equipment,Guardian",7
Fruitcake,フルーツケーキ,Cooking,7
Copious Fish Skewers,山盛串焼き魚,Cooking,7
Kill a Guardian Stalker,ガーディアン(歩行型)討伐,"Miniboss,Guardian",7
Register the Royal Horse,白馬を登録する,"Horse,Central Hyrule,Stamina",7
Talk to Kilton,キルトンに話しかける,"Kilton,Akkala",7
Obtain a Gold Rupee,金ルピー入手,Rupee,7
5 Heart Containers,ハートの器 計5個,"Shrine,Heart",7
5 Deer in Hunting Minigame,ミニゲーム:鹿狩り 鹿を5頭狩る,"Minigame,Hateno",7
Activate Hebra Tower,ヘブラの塔を起動,"Tower,Hebra,Cold Resistance",7
9 Faron Koroks,フィローネの塔エリア コログのミ 9個,"Faron Korok,Faron",8
9 Ridgeland Koroks,丘陵の塔エリア コログのミ 9個,"Ridgeland Korok,Ridgeland",8
9 Lanayru Koroks,ラネールの塔エリア コログのミ 9個,"Lanayru Korok,Lanayru",8
Climbing Boots,クライムシューズ,"Clothes,Climbing Gear,Hateno",8
'What's for Dinner?' Side Quest,ミニチャレンジ:今日の晩御飯,"Side Quest,Faron",8
'The Secret Club's Secret' Side Quest,ミニチャレンジ:秘密クラブの秘密,"Side Quest,Wasteland,Radiant Gear,Desert Gear",8
'Missing in Action' Side Quest,ミニチャレンジ:ゲルドキャニオン失踪事件,"Side Quest,Wasteland",8
'Fireproof Lizard Roundup' Side Quest,ミニチャレンジ:ヒケシトカゲを捕まえて！,"Side Quest,Eldin,Flame Gear",8
3 Ridgeland Shrines,丘陵の塔エリア 祠3基,"Shrine,Ridgeland",8
'Twin Memories' Shrines,“双子の記憶”の両祠,"Shrine,Shrine Quest,Dueling Peaks",8
'Song of Storms' Shrine Quest,ほこらチャレンジ:稲妻が開く試練,"Shrine,Shrine Quest,Faron",8
1 Korok Trial,ミニチャレンジ:コログ しれん うち1つ攻略,"Shrine,Shrine Quest,Woodland",8
Any Guardian Sword,ガーディアンナイフ (+付きも可),"Equipment,Guardian",8
3 Identical Shields,同じ盾を3つ入手,Equipment,8
3 Identical Bows,同じ弓を3つ入手,Equipment,8
Apple Pie,アップルパイ,"Cooking,Tabantha",8
Curry Pilaf,カレーピラフ,Cooking,8
Kill a Blue Hinox,青ヒノックス討伐,"Miniboss,Hinox",8
Finish Golf Minigame,ミニゲーム:ガンガンゴルフをクリア,"Minigame,Woodland",8
Activate Akkala Tower,アッカレの塔を起動,"Tower,Akkala",8
Obtain a Material from Farosh,フロドラの素材を入手,Dragon,8
9 Wasteland Koroks,荒野の塔エリア コログのミ 9個,"Wasteland Korok,Wasteland",9
9 Tabantha Koroks,タバンタの塔エリア コログのミ 9個,"Tabantha Korok,Tabantha",9
9 Woodland Koroks,森林の塔エリア コログのミ 9個,"Woodland Korok,Woodland",9
9 Akkala Koroks,アッカレの塔エリア コログのミ 9個,"Akkala Korok,Akkala",9
Climber's Bandanna ★,クライムバンダナ★,"Clothes,Climbing Gear,Great Fairy",9
Barbarian Armor,蛮族の服,"Clothes,Barbarian Gear,Wasteland",9
'Take Back the Sea' Side Quest,ミニチャレンジ:奪われた漁場,"Side Quest,Faron",9
'Hunt for the Giant Horse' Side Quest,ミニチャレンジ:巨大馬捕獲大作戦,"Side Quest,Lake,Horse,Stamina",9
3 Faron Shrines,フィローネの塔エリア 祠3基,"Shrine,Faron",9
3 Wasteland Shrines,荒野の塔エリア 祠3基,"Shrine,Wasteland",9
A Modest Test of Strength Shrine,力の試練 中位,"Shrine,Guardian",9
'Secret of the Cedars' Shrine Quest,ほこらチャレンジ:三本杉の秘密,"Shrine,Shrine Quest,Hateno",9
'The Desert Labyrinth' Shrine Quest,ほこらチャレンジ:砂漠の試練,"Shrine,Shrine Quest,Wastelands,Barbarian Gear",9
'The Eye of the Sandstorm' Shrine Quest,ほこらチャレンジ:消える？砂嵐,"Shrine,Shrine Quest,Wastelands",9
'Into the Vortex' Shrine Quest,ほこらチャレンジ:渦巻の中心へ,"Shrine,Shrine Quest,Akkala",9
'The Skull's Eye' Shrine Quest,ほこらチャレンジ:ドクロの左目,"Shrine,Shrine Quest,Akkala",9
Any Guardian Shield,ガーディアンシールド (+付きも可),"Equipment,Guardian",9
Cream of Mushroom Soup,キノコミルクスープ,Cooking,9
Play the Bowling Minigame,ミニゲーム:雪玉ボウルで遊ぶ,"Minigame,Hebra,Cold Resistance",9
,,,
Pay 2 Great Fairies,大妖精 2人解放,"Rupee,Great Fairy",10
Soldier's Armor ★,ハイリア兵の鎧★,"Clothes,Soldier Gear,Rupee,Great Fairy",10
Desert Voe Headband,熱砂の鉢がね,"Clothes,Desert Gear,Wasteland,Rupee",10
Desert Voe Trousers,熱砂のズボン,"Clothes,Desert Gear,Wasteland,Rupee",10
Rubber Helm ★,ラバーキャップ★,"Clothes,Rubber Gear,Faron,Great Fairy",10
Stealth Mask ★,忍びマスク★,"Clothes,Stealth Gear,Rupee,Great Fairy",10
Stealth Chest Guard ★,忍びスーツ★,"Clothes,Stealth Gear,Rupee,Great Fairy",10
Stealth Tights ★,忍びタイツ★,"Clothes,Stealth Gear,Rupee,Great Fairy",10
Full Stealth Set,忍び防具一式,"Clothes,Stealth Gear,Rupee,Dueling Peaks",10
Barbarian Helm,蛮族の兜,"Clothes,Barbarian Gear,Akkala",10
'A Gift for My Beloved' Side Quest,ミニチャレンジ:愛しの人が望む物,"Side Quest,Hateno",10
3 Hateno Shrines,ハテノ塔エリア 祠3基,"Shrine,Hateno",10
3 Tabantha Shrines,タバンタの塔エリア 祠3基,"Shrine,Tabantha",10
3 Woodland Shrines,森林の塔エリア 祠3基,"Shrine,Woodland",10
3 Akkala Shrines,アッカレの塔エリア 祠3基,"Shrine,Akkala",10
'The Silent Swordswomen' Shrine Quest,ほこらチャレンジ:口を閉ざした戦士,"Shrine,Shrine Quest,Wastelands",10
'Secret of the Snowy Peaks' Shrine Quest,ほこらチャレンジ:雪山の日誌,"Shrine,Shrine Quest,Wastelands,Cold Resistance",10
Forgotten Temple Shrine,忘れられた神殿の祠,"Shrine,Shrine Quest,Woodland",10
'Shrouded Shrine' Shrine Quest,ほこらチャレンジ:暗闇の試練,"Shrine,Shrine Quest,Woodland",10
'The Gut Check Challenge' Shrine Quest,ほこらチャレンジ:ゴロンのど根性ガケ,"Shrine,Shrine Quest,Eldin",10
Akkala 'Trial of the Labyrinth' Shrine Quest,ほこらチャレンジ:孤島の試練,"Shrine,Shrine Quest,Akkala,Barbarian Gear",10
Any 'Royal Guard's' Equipment item,“近衛の”武器入手,Equipment,10
Any second tier Rod weapon,上位ロッド入手,"Equipment,Wizzrobe",10
Any Ancient Battle Axe,ガーディアンアクス (+付きも可),"Equipment,Guardian",10
Monster cake,マモノケーキ,"Cooking,Kilton",10
Wildberry Crepe,イチゴクレープ,"Cooking,Tabantha",10
Kill a Stone Talus (Rare),イワロック(希少)討伐,"Rupee,Miniboss,Talus",10
Register the Giant Horse,巨馬を登録する,"Horse,Lake,Stamina",10
Mount a Bear,熊に乗る,"Horse,Stamina",10
Mount a Stalhorse,スタルホースに乗る,Horse,10
2000 Rupees,"2,000ルピー集める",Rupee,10
Read King's Diary,ハイラル王の手記を読む,Hyrule Castle,10
Take a Selfie with Hestu,ボックリンとツーショット,"Dueling Peaks,Camera",10
Sheikah Sensor +,シーカーセンサー+,"Camera,Rune Upgrade,Hateno",10
12 Dueling Peaks Koroks,双子山の塔エリア コログのミ 12個,"Dueling Peaks Korok,Dueling Peaks",11
9 Eldin Koroks,オルディンの塔エリア コログのミ 9個,"Eldin Korok,Eldin",11
12 Central Tower Koroks,平原の塔エリア コログのミ 12個,"Central Hyrule Korok,Central Hyrule",11
Champion's Tunic,英傑の服,"Clothes,Champion,Camera",11
Soldier's Helm ★,ハイリア兵の兜★,"Clothes,Soldier Gear,Rupee,Great Fairy",11
Soldier's Greaves ★,ハイリア兵のすねあて★,"Clothes,Soldier Gear,Rupee,Great Fairy",11
Desert Voe Spaulder,熱砂の肩当て,"Clothes,Desert Gear,Wasteland,Rupee",11
Rubber Armor ★,ラバースーツ★,"Clothes,Rubber Gear,Ridgeland,Great Fairy",11
Rubber Tights ★,ラバータイツ★,"Clothes,Rubber Gear,Faron,Great Fairy",11
Zora Greaves,ゾーラのすねあて,"Clothes,Zora Gear,Lanayru,Camera",11
Amber Earrings,コハクの耳飾り,"Clothes,Gems,Rupee,Wasteland",11
'A Royal Recipe' Side Quest,ミニチャレンジ:王家秘伝のレシピ,"Side Quest,Central Hyrule,Cooking",11
2 Shrine Quests,ほこらチャレンジ 2つ攻略,"Shrine,Shrine Quest",11
'The Seven Heroines' Shrine Quest,ほこらチャレンジ:七人の英雄,"Shrine,Shrine Quest,Wastelands",11
'Cliffside Etchings' Shrine Quest,ほこらチャレンジ:絶壁の文様,"Shrine,Shrine Quest,Gerudo,Cold Resistance",11
'Sign of the Shadow' Shrine Quest,ほこらチャレンジ:影が示す先に,"Shrine,Shrine Quest,Gerudo",11
Collect 1 Picture Memory,ウツシエの記憶 1つ回収,Camera,11
Read Zelda's Diary,ゼルダの日録を読む,Hyrule Castle,11
Take a Selfie with Kass,カッシーワとツーショット,Camera,11
3 Lanayru Shrines,ラネールの塔エリア 祠3基,"Shrine,Lanayru",11
'Sunshroom Sensing' Side Quest,ミニチャレンジ:ウツシエとシーカーセンサー,"Side Quest,Hateno,Camera",11
'By Firefly's Light' Side Quest,ミニチャレンジ:ホタル ノ ヒカリ,"Side Quest,Dueling Peaks,Heirloom,Camera",11
12 Hateno Koroks,ハテノ塔エリア コログのミ 12個,"Hateno Korok,Hateno",12
12 Lake Tower Koroks,湖の塔エリア コログのミ 12個,"Lake Korok,Lake",12
12 Ridgeland Koroks,丘陵の塔エリア コログのミ 12個,"Ridgeland Korok,Ridgeland",12
9 Hebra Koroks,ヘブラの塔エリア コログのミ 9個,"Hebra Korok,Hebra,Cold Resistance",12
Flamebreaker Helm,耐火の石兜,"Clothes,Flame Gear,Eldin,Rupee",12
Zora Armor ★,ゾーラの鎧★,"Clothes,Zora Gear,Great Fairy,Lizalfos",12
Barbarian Leg Wraps,蛮族の腰巻き,"Clothes,Barbarian Gear,Hebra",12
3 Hebra Shrines,ヘブラの塔エリア 祠3基,"Shrine,Hebra,Cold Resistance",12
3 Eldin Shrines,オルディンの塔エリア 祠3基,"Shrine,Eldin",12
'The Serpent's Jaws' Shrine Quest,ほこらチャレンジ:大蛇喰らいし龍,"Shrine,Shrine Quest,Lake,Dragon",12
'Test of Will' Shrine Quest,ほこらチャレンジ:ガマンくらべ,"Shrine,Shrine Quest,Gerudo",12
Kill a Frost Talus,ガチロック討伐,"Rupee,Gems,Miniboss,Talus,Cold Resistance",12
Kill a Guardian Turret,ガーディアン(砲台型)討伐,"Miniboss,Guardian,Hyrule Castle",12
5 Creatures in Compendium,ハイラル図鑑 生き物 5種登録,"Camera,Compendium",12
5 Monsters in Compendium,ハイラル図鑑 魔物 5種登録,"Camera,Compendium",12
5 Equipment in Compendium,ハイラル図鑑 武器 5種登録,"Camera,Compendium",12
Take a Selfie with Sidon,シドとツーショット,"Lanayru,Camera",12
Obtain a Material from Dinraal,オルドラの素材を入手,Dragon,12
Finish Basic Shield Surfing Minigame,ミニゲーム:盾サーフィン 初級をクリア,"Minigame,Hebra,Cold Resistance",12
Snow Boots,スノーブーツ,"Clothes,Boots,Side Quest,Gerudo,Camera",12
Kill a Igneo Talus,マグロック討伐,"Rupee,Gems,Miniboss,Talus,Eldin",12
,,,
12 Faron Koroks,フィローネの塔エリア コログのミ 12個,"Faron Korok,Faron",13
9 Gerudo Koroks,ゲルドの塔エリア コログのミ 9個,"Gerudo Korok,Gerudo",13
12 Tabantha Koroks,タバンタの塔エリア コログのミ 12個,"Tabantha Korok,Tabantha",13
12 Woodland Koroks,森林の塔エリア コログのミ 12個,"Woodland Korok,Woodland",13
12 Akkala Koroks,アッカレの塔エリア コログのミ 12個,"Akkala Korok,Akkala",13
12 Lanayru Koroks,ラネールの塔エリア コログのミ 12個,"Lanayru Korok,Lanayru",13
Pay Horse God Malanya,馬神マーロン解放,"Lake,Rupee",13
'Tools of the Trade' Side Quest,ミニチャレンジ:宝石はお好き？,"Side Quest,Wasteland,Gems",13
Zora Helm ★,ゾーラの兜★,"Clothes,Zora Gear,Great Fairy,Lizalfos",13
Radiant Mask,夜光マスク,"Clothes,Radiant Gear,Rupee,Gems,Wasteland",13
Radiant Shirt,夜光スーツ,"Clothes,Radiant Gear,Rupee,Gems,Wasteland",13
Radiant Tights,夜光タイツ,"Clothes,Radiant Gear,Rupee,Gems,Wasteland",13
Topaz Earrings,トパーズの耳飾り,"Clothes,Gems,Rupee,Wasteland",13
'Curry for What Ails You' Side Quest,ミニチャレンジ:寒い時にはカレーを！,"Side Quest,Tabantha,Eldin",13
,,,
3 Gerudo Shrines,ゲルドの塔エリア 祠3基,"Shrine,Gerudo,Cold Resistance",13
'Fragmented Monument' Shrine Quest,ほこらチャレンジ:石碑のかけら探し,"Shrine,Shrine Quest,Faron,Camera",13
Collect 2 Picture Memories,ウツシエの記憶 2つ回収,Camera,13
Kill a Black Hinox,黒ヒノックス討伐,"Miniboss,Hinox",13
Kill a Stalnox,スタルヒノックス討伐,"Miniboss,Hinox",13
Kill a Guardian Skywatcher,ガーディアン(飛行型)討伐,"Miniboss,Guardian",13
3 Stamina Vessels,がんばりの器 3つ入手,"Shrine,Stamina",13
Obtain a Material from Naydra,ネルドラの素材を入手,"Hateno,Cold Resistance,Dragon",13
Remote Bomb +,リモコン爆弾+,"Camera,Rune Upgrade,Hateno",13
Activate 4 Towers,シーカータワー 4基起動,Tower,13
11 Side Quests,ミニチャレンジ 11個攻略,Side Quest,13
12 Wasteland Koroks,荒野の塔エリア コログのミ 12個,"Wasteland Korok,Wasteland",14
Snowquill Tunic ★,リトの羽毛服★,"Clothes,Snow Gear,Cold Resistance,Rupee,Great Fairy",14
Snowquill Trousers ★,リトの羽毛ズボン★,"Clothes,Snow Gear,Cold Resistance,Rupee,Great Fairy",14
Full Snowquill Set,リト防具一式,"Clothes,Snow Gear,Cold Resistance,Rupee,Tabantha",14
Flamebreaker Boots ★,耐火の石靴★,"Clothes,Flame Gear,Eldin,Rupee,Great Fairy",14
Climbing Boots ★,クライムシューズ★,"Clothes,Climbing Gear,Great Fairy",14
Sapphire Circlet,サファイアの頭飾り,"Clothes,Gems,Rupee,Wasteland",14
Ruby Circlet,ルビーの頭飾り,"Clothes,Gems,Rupee,Wasteland",14
Bokoblin Mask,ボコブリンマスク,"Clothes,Kilton",14
'Death Mountain's Secret' Side Quest,ミニチャレンジ:デスマウンテンの秘宝,"Side Quest,Eldin",14
'Lynel Safari' Side Quest,ミニチャレンジ:ライネル調査,"Side Quest,Lanayru,Camera,Zora Gear",14
'The Royal Guard's Gear' Side Quest,ミニチャレンジ:ハイラル城に眠る武器,"Side Quest,Hyrule Castle",14
'Stranded on Eventide' Shrine Quest,ほこらチャレンジ:野生の試練,"Shrine,Shrine Quest,Faron",14
'Three Giant Brothers' Shrine Quest,ほこらチャレンジ:巨人三兄弟の秘密,"Shrine,Shrine Quest,Faron,Hinox",14
'The Bird in the Mountains' Shrine Quest,ほこらチャレンジ:おっきなお山のおっきな木,"Shrine,Shrine Quest,Hebra,Cold Resistance",14
Hebra Labyrinth 'Trial on the Cliff' Shrine Quest,ほこらチャレンジ:断崖の試練,"Shrine,Shrine Quest,Hebra,Cold Resistance,Barbarian Gear",14
Windcleaver,風斬り刀,"Equipment,Wasteland",14
Kill a Lynel,ライネル討伐,"Miniboss,Lynel",14
Kill a Molduga,モルドラジーク討伐,"Miniboss,Molduga,Wasteland",14
6 Heart Containers,ハート 計6個,"Shrine,Heart",14
Take a Selfie with Riju,ルージュとツーショット,"Wasteland,Camera",14
Take a Selfie while on fire,火の中で自撮り,"Eldin,Camera",14
Stasis +,ビタロック+,"Camera,Rune Upgrade,Hateno",14
10 Equipment in Compendium,ハイラル図鑑 武器 10種登録,"Camera,Compendium",14
15 Dueling Peaks Koroks,双子山の塔エリア コログのミ 15個,"Dueling Peaks Korok,Dueling Peaks",15
15 Central Tower Koroks,平原の塔エリア コログのミ 15個,"Central Hyrule Korok,Central Hyrule",15
Champion's Tunic ★,英傑の服★,"Clothes,Champion,Camera,Great Fairy",15
Snowquill Headdress ★,雪よけの羽飾り★,"Clothes,Snow Gear,Cold Resistance,Rupee,Great Fairy",15
Full Rubber Set,ラバー防具一式,"Clothes,Rubber Gear,Faron,Ridgeland",15
Flamebreaker Armor ★,耐火の石鎧★,"Clothes,Flame Gear,Eldin,Rupee,Great Fairy",15
Opal Earrings,オパールの耳飾り,"Clothes,Gems,Rupee,Wasteland",15
'Medicinal Molduga' Side Quest,ミニチャレンジ:モルドラジークの肝,"Side Quest,Wasteland,Molduga",15
'The Road to Respect' Side Quest,ミニチャレンジ:免許皆伝への道,"Side Quest,Eldin,Talus",15
'Little Sister's Big Request' Side Quest,ミニチャレンジ:小さな妹の大きな願い,"Side Quest,Akkala",15
'Legendary Rabbit Trial' Side Quest,ミニチャレンジ:ぴかぴかのルミー しれん,"Side Quest,Wasteland,Camera",15
12 Side Quests,ミニチャレンジ 12個攻略,Side Quest,15
10 Creatures in Compendium,ハイラル図鑑 生き物 10種登録,"Camera,Compendium",15
10 Monsters in Compendium,ハイラル図鑑 魔物 10種登録,"Camera,Compendium",15
15 Hateno Koroks,ハテノ塔エリア コログのミ 15個,"Hateno Korok,Hateno",16
15 Lake Tower Koroks,湖の塔エリア コログのミ 15個,"Lake Korok,Lake",16
12 Gerudo Koroks,ゲルドの塔エリア コログのミ 12個,"Gerudo Korok,Gerudo",16
15 Ridgeland Koroks,丘陵の塔エリア コログのミ 15個,"Ridgeland Korok,Ridgeland",16
12 Hebra Koroks,ヘブラの塔エリア コログのミ 12個,"Hebra Korok,Hebra,Cold Resistance",16
12 Eldin Koroks,オルディンの塔エリア コログのミ 12個,"Eldin Korok,Eldin",16
Desert Voe Headband ★,熱砂の鉢がね★,"Clothes,Desert Gear,Wasteland,Rupee,Great Fairy",16
Desert Voe Spaulder ★,熱砂の肩当て★,"Clothes,Desert Gear,Wasteland,Rupee,Great Fairy",16
Desert Voe Trousers ★,熱砂のズボン★,"Clothes,Desert Gear,Wasteland,Rupee,Great Fairy",16
Sand Boots,サンドブーツ,"Clothes,Boots,Side Quest,Gerudo",16
'The Eighth Heroine' Side Quest,ミニチャレンジ:八人目の英雄,"Side Quest,Wasteland,Gerudo,Boots,Cold Resistance,Camera",16
11 Shrines,祠 11基攻略,Shrine,16
5 Shrine Quests,ほこらチャレンジ 5つ攻略,"Shrine,Shrine Quest",16
'Guardian Slideshow' Shrine Quest,ほこらチャレンジ:ガーディアンを見たい！,"Shrine,Shrine Quest,Lake,Camera,Guardian",16
'The Spring of Power' Shrine Quest,ほこらチャレンジ:力の泉の言い伝え,"Shrine,Shrine Quest,Akkala,Dragon",16
Any 'Lynel' Equipment item,“ライネルの”武器入手,"Equipment,Lynel",16
"1 Fire, 1 Ice, and 1 Electric weapons",3属性の武器を1つずつ入手,Equipment,16
20 Targets in Flight Range Minigame,ミニゲーム:飛行訓練 的を20個射抜く,"Minigame,Tabantha,Cold Resistance",16
Activate 5 Towers,シーカータワー 5基起動,Tower,16
15 Equipment in Compendium,ハイラル図鑑 武器 15種登録,"Camera,Compendium",16
15 Creatures in Compendium,ハイラル図鑑 生き物 15種登録,"Camera,Compendium",17
15 Monsters in Compendium,ハイラル図鑑 魔物 15種登録,"Camera,Compendium",17
,,,
15 Faron Koroks,フィローネの塔エリア コログのミ 15個,"Faron Korok,Faron",17
15 Akkala Koroks,アッカレの塔エリア コログのミ 15個,"Akkala Korok,Akkala",17
15 Lanayru Koroks,ラネールの塔エリア コログのミ 15個,"Lanayru Korok,Lanayru",17
Full Desert Voe Set,熱砂防具一式,"Clothes,Desert Gear,Wasteland,Rupee",17
Flamebreaker Helm ★,耐火の石兜★,"Clothes,Flame Gear,Eldin,Rupee,Great Fairy",17
Zora Greaves ★,ゾーラのすねあて★,"Clothes,Zora Gear,Great Fairy,Lizalfos,Camera",17
Radiant Mask ★,夜光マスク★,"Clothes,Radiant Gear,Rupee,Gems,Great Fairy",17
Snow Boots ★,スノーブーツ★,"Clothes,Boots,Side Quest,Great Fairy,Camera",17
'Slated for Upgrades' Side Quest,ミニチャレンジ:解放 さらなる力,"Side Quest,Hateno,Camera",17
'A Shady Customer' Side Quest,ミニチャレンジ:求ム！不審者情報,"Side Quest,Akkala,Kilton,Camera",17
12 Shrines,祠 12基攻略,Shrine,17
'The Spring of Wisdom' Shrine Quest,ほこらチャレンジ:ラネール山のお宝を探れ！,"Shrine,Shrine Quest,Hateno,Cold Resistance,Dragon",17
Collect 3 Picture Memories,ウツシエの記憶 3つ回収,Camera,17
Hylian Shield,ハイリアの盾,"Miniboss,Hinox,Hyrule Castle",17
Mount the Lord of the Mountain,山のヌシに乗る,"Horse,Ridgeland,Stamina",17
Buy a House,家を買う,"Hateno,Rupee",17
A Major Test of Strength Shrine,力の試練 極位,"Shrine,Guardian",17
15 Wasteland Koroks,荒野の塔エリア コログのミ 15個,"Wasteland Korok,Wasteland",18
15 Tabantha Koroks,タバンタの塔エリア コログのミ 15個,"Tabantha Korok,Tabantha",18
15 Woodland Koroks,森林の塔エリア コログのミ 15個,"Woodland Korok,Woodland",18
Radiant Shirt ★,夜光スーツ★,"Clothes,Radiant Gear,Rupee,Gems,Great Fairy",18
Radiant Tights ★,夜光タイツ★,"Clothes,Radiant Gear,Rupee,Gems,Great Fairy",18
Amber Earrings ★,コハクの耳飾り★,"Clothes,Gems,Rupee,Great Fairy",18
'Stalhorse: Pictured!' Side Quest,ミニチャレンジ:骨の馬の絵,"Side Quest,Hebra,Camera",18
'The Stolen Heirloom' Shrine Quest,ほこらチャレンジ:盗まれた宝珠,"Shrine,Shrine Quest,Dueling Peaks,Heirloom,Camera",18
'Brother's Roast' Shrine Quest,ほこらチャレンジ:弟はいずこ？,"Shrine,Shrine Quest,Eldin",18
1 Divine Beast Main Quest,神獣系メインチャレンジ 1つ攻略,Divine Beast,18
'Divine Beast Vah Medoh' Main Quest,メインチャレンジ:風の神獣ヴァ・メドー,"Divine Beast,Tabantha,Cold Resistance",18
Revali's Gale,リーバルの猛り,"Divine Beast,Tabantha,Cold Resistance",18
Kill Coliseum Lynel,闘技場のライネル討伐,"Miniboss,Lynel,Central Hyrule",18
Activate 6 Towers,シーカータワー 6基起動,Tower,18
13 Side Quests,ミニチャレンジ 13個攻略,Side Quest,18
Climbing Gear,クライムグローブ,"Clothes,Climbing Gear,Hateno",18
15 Gerudo Koroks,ゲルドの塔エリア コログのミ 15個,"Gerudo Korok,Gerudo",19
15 Hebra Koroks,ヘブラの塔エリア コログのミ 15個,"Hebra Korok,Hebra,Cold Resistance",19
,,,
Full Zora Set,ゾーラ防具一式,"Clothes,Zora Gear,Lanayru,Camera",19
Barbarian Helm ★,蛮族の兜★,"Clothes,Barbarian Gear,Great Fairy,Lynel",19
Barbarian Armor ★,蛮族の服★,"Clothes,Barbarian Gear,Great Fairy,Lynel",19
Topaz Earrings ★,トパーズの耳飾り★,"Clothes,Gems,Rupee,Great Fairy",19
Diamond Circlet,ダイヤの頭飾り,"Clothes,Gems,Rupee,Wasteland",19
'The Forgotten Sword' Side Quest,ミニチャレンジ:忘れられた剣,"Side Quest,Wasteland,Gerudo,Boots,Cold Resistance,Camera",19
'Find Kheel' Side Quest,ミニチャレンジ:キールを探して！,"Side Quest,Tabantha",19
'The Jewel Trade' Side Quest,ミニチャレンジ:宝石インポーター,"Side Quest,Eldin,Gems",19
'Robbie's Research' Side Quest,ミニチャレンジ:もう一人の研究者,"Side Quest,Akkala,Camera",19
6 Shrine Quests,ほこらチャレンジ 6つ攻略,"Shrine,Shrine Quest",19
'Divine Beast Vah Ruta' Main Quest,メインチャレンジ:水の神獣ヴァ・ルッタ,"Divine Beast,Lanayru",19
Mipha's Grace,ミファーの祈り,"Divine Beast,Lanayru",19
Collect 4 Picture Memories,ウツシエの記憶 4つ回収,Camera,19
4 Stamina Vessels,がんばりの器 4つ入手,"Shrine,Stamina",19
20 Equipment in Compendium,ハイラル図鑑 武器 20種登録,"Camera,Compendium",19
20 Creatures in Compendium,ハイラル図鑑 生き物 20種登録,"Camera,Compendium",20
20 Monsters in Compendium,ハイラル図鑑 魔物 20種登録,"Camera,Compendium",20
,,,
Pay 3 Great Fairies,大妖精 3人解放,"Rupee,Great Fairy",20
Full Flamebreaker Set,耐火防具一式,"Clothes,Flame Gear,Eldin,Rupee",20
Barbarian Leg Wraps ★,蛮族の腰巻き★,"Clothes,Barbarian Gear,Great Fairy,Lynel",20
Full Radiant Set,夜光防具一式,"Clothes,Radiant Gear,Rupee,Gems,Wasteland",20
Opal Earrings ★,オパールの耳飾り★,"Clothes,Gems,Rupee,Great Fairy",20
Sapphire Circlet ★,サファイアの頭飾り★,"Clothes,Gems,Rupee,Great Fairy",20
Ruby Circlet ★,ルビーの頭飾り★,"Clothes,Gems,Rupee,Great Fairy",20
13 Shrines,祠 13基攻略,Shrine,20
7 Shrine Quests,ほこらチャレンジ 7つ攻略,"Shrine,Shrine Quest",20
'The Perfect Drink' Shrine Quest,ほこらチャレンジ:うるわしの美酒を求めて…,"Shrine,Shrine Quest,Wastelands",20
'Recital at Warbler's Nest' Shrine Quest,ほこらチャレンジ:リトの兄弟岩,"Shrine,Shrine Quest,Tabantha",20
'The Ancient Rito Song' Shrine Quest,ほこらチャレンジ:リトの詩の謎,"Shrine,Shrine Quest,Tabantha",20
Collect 5 Picture Memories,ウツシエの記憶 5つ回収,Camera,20
Spring-Loaded Hammer,ボヨーンハンマー,"Equipment,Kilton",20
7 Heart Containers,ハート 計7個,"Shrine,Heart",20
Upgrade All Runes,シーカーストーン 全アイテム強化,"Camera,Rune Upgrade,Hateno",20
'The Ceremonial Song' Shrine Quest,ほこらチャレンジ:英傑祭の詩,"Shrine,Shrine Quest,Lanayru",20
'Riddles of Hyrule' Side Quest,ミニチャレンジ:ハイラルのなぞなぞしれん,"Side Quest,Woodland,Lynel",21
'Frog Catching' Side Quest,ミニチャレンジ:雨ときどきカエル,"Side Quest,Lanayru",21
'Luminous Stone Gathering' Side Quest,ミニチャレンジ:夜光石採集,"Side Quest,Lanayru,Gems",21
'A Wife Washed Away' Side Quest,ミニチャレンジ:流された嫁,"Side Quest,Lanayru",21
14 Shrines,祠 14基攻略,Shrine,21
8 Shrine Quests,ほこらチャレンジ 8つ攻略,"Shrine,Shrine Quest",21
Activate 7 Towers,シーカータワー 7基起動,Tower,21
14 Side Quests,ミニチャレンジ 14個攻略,Side Quest,21
,,,
'Face the Frost Talus' Side Quest,ミニチャレンジ:ブリザー谷のガチロック,"Side Quest,Tabantha,Hebra,Cold Resistance",22
'The Giant of Ralis Pond' Side Quest,ミニチャレンジ:ラルス池の巨人討伐,"Side Quest,Lanayru,Hinox",22
15 Shrines,祠 15基攻略,Shrine,22
'Divine Beast Vah Rudania' Main Quest,メインチャレンジ:炎の神獣ヴァ・ルーダニア,"Divine Beast,Eldin",22
Daruk's Protection,ダルケルの護り,"Divine Beast,Eldin",22
Collect 6 Picture Memories,ウツシエの記憶 6つ回収,Camera,22
Remake a Champion's Weapon or Shield,英傑武器を作り直す,"Equipment,Divine Beast,Gems",22
Climbing Gear ★,クライムグローブ★,"Clothes,Climbing Gear,Great Fairy",22
Activate 8 Towers,シーカータワー 8基起動,Tower,22
,,,
'Leviathan Bones' Side Quest,ミニチャレンジ:巨大クジラの化石,"Side Quest,Camera",23
16 Shrines,祠 16基攻略,Shrine,23
'Divine Beast Vah Naboris' Main Quest,メインチャレンジ:雷の神獣ヴァ・ナボリス,"Divine Beast,Wasteland",23
Urbosa's Fury,ウルボザの怒り,"Divine Beast,Wasteland",23
Beat Ganon,ガノン討伐,Hyrule Castle,23
Activate 9 Towers,シーカータワー 9基起動,Tower,23
Full Climber's Set,クライム防具一式,"Clothes,Climbing Gear",23
,,,
'Zora Stone Monuments' Side Quest,ミニチャレンジ:ゾーラの石碑を探して,"Side Quest,Lanayru",24
2 Divine Beast Main Quest,神獣系メインチャレンジ 2つ攻略,Divine Beast,24
'The Search for Barta' Side Quest,ミニチャレンジ:バレッタを探して,"Side Quest,Wasteland",24
'The Mystery Polluter' Side Quest,ミニチャレンジ:犯人はだれだ！,"Side Quest,Wasteland",24
'The Undefeated Champ' Shrine Quest,ほこらチャレンジ:無敗の女王,"Shrine,Shrine Quest,Wastelands",24
Activate 10 Towers,シーカータワー 10基起動,Tower,24
15 Side Quests,ミニチャレンジ 15個攻略,Side Quest,24
Full Barbarian Set,蛮族防具一式,"Clothes,Barbarian Gear",24
